Acura,109
Acura Dealer,83
Audi,39
Audi Dealer,41
BMW,140
BMW Dealer,240
Buick,15
Buick Dealer,13
Cadillac,63
Cadillac Dealer,80
Chevrolet,606
Chevrolet Dealer,388
Chrysler,153
Chrysler Dealer,112
Dealers de Autos,147
Dodge,283
Dodge Dealer,184
Donaciones de Autos,2
Ford,674
Ford Dealer,332
GMC,125
GMC Dealer,104
Honda,960
Honda Dealer,360
Hyundai,60
Hyundai Dealer,147
Infiniti,83
Infiniti Dealer,127
Isuzu,10
Isuzu Dealer,3
Jaguar,11
Jaguar Dealer,16
Jeep,66
Jeep Dealer,101
Kia,43
Kia Dealer,22
Land Rover,11
Land Rover Dealer,40
Lexus,77
Lexus Dealer,89
Lincoln,26
Lincoln Dealer,23
Mazda,41
Mazda Dealer,35
Mercedes-Benz,108
Mercedes-Benz Dealer,160
Mercury,8
Mercury Dealer,10
Mini,25
Mini Dealer,34
Mitsubishi,54
Mitsubishi Dealer,40
Motorhome - RV's,3
Nissan,580
Nissan Dealer,400
Oldsmobile,5
Oldsmobile Dealer,1
Otros Autos,116
Otros Autos Dealer,120
Plymouth,1
Plymouth Dealer,3
Pontiac,27
Pontiac Dealer,25
Saturn,19
Saturn Dealer,12
Scion,67
Scion Dealer,52
Subaru,2
Subaru Dealer,7
Subastas de Autos,39
Suzuki,8
Suzuki Dealer,7
Toyota,887
Toyota Dealer,394
Volkswagen,130
Volkswagen Dealer,95
Volvo,37
Volvo Dealer,27
Estéreos y Sonido,263
Motores y Transmisiones,93
Otras Partes y Accesorios,130
Partes Exteriores,125
Partes Interiores,47
Rines y Llantas,693
Suspensiones y Frenos,10
Vidrios para Carros,19
BMW,3
Ducati,2
Harley-Davidson,1
Honda,7
Kawasaki,1
Otras Motocicletas,3
Partes y Accesorios,10
Suzuki,11
Yamaha,3
Jetskis,2
"Lanchas, Botes y Partes",5
Actuación y Músicos,28
Asistentes Médicos,21
Barberos y Cosmetólogas,89
Bartenders,20
Bio-Tech y Ciencias,7
Bodegas y Warehouse,194
Busco Empleo,455
Cajeros,39
Carpinteros y Construcción,175
Choferes y Troqueros,350
Computación,12
Costura,150
Cuidado de Niños,187
Diseño Gráfico,17
Electricistas,26
Enfermería,11
Escritores,2
Fábricas,59
Gerentes y Supervisores,59
Guardias,9
Hoteles,26
Independientes,283
Internet,46
Limpieza,252
Marketing y Relaciones Públicas,118
Mecánica de Autos,96
Meseros y Cocineros,272
Oficina,217
Otros empleos,420
Paralegal,5
Plomeros,14
Soldadores,20
Técnicos de Teléfonos,5
Telemercadeo,78
Vendedores,248
Baile,13
Biblia,4
Bienes Raíces,3
Career Colleges,10
Clases de Cocina,8
Clases de Masaje,2
Clases por Internet,9
Community Colleges,5
Computación,26
Cosmetología,19
Escuelas de Tráfico,2
Escuelas Técnicas,10
Fotografía y Video,4
High School GED,1
Income tax,7
Inglés y ESL,23
Manejo,25
Modelaje y Actuación,3
Notary Public,2
Otras Clases y Cursos,81
Truck Driving School,7
Universidades,1
Agentes,113
Casas en Foreclosure,242
Inspectores de Casas,5
Open House,65
Servicios de Termitas,5
Tasadores de Casa,2
Venta de Apartamentos,97
Venta de Casas,544
Venta de Casas Móviles,95
Venta de Terrenos,26
Venta de Town House o Condominios,68
Ventas Comerciales,4
Apartamentos,984
Busco Rentar,222
Casas,468
Casas Móviles,22
Compartir Cuartos,88
Cuartos,694
Edificios,136
Townhouse-Condominos,81
Ecuador,1
El Salvador,5
Europa,1
Guatemala,1
Honduras,1
México,22
Otros Países,1
Cirugía Láser,15
Cirugía Plástica,8
Fotos de Glamour,8
Inyecciones Cosméticas,3
Manicure y Pedicure,10
Maquillaje Permanente,15
Otros Servicios de Belleza,62
Productos de Belleza,71
Productos para Bajar de Peso,49
Renta de Estaciones,17
Salones de Belleza,57
Spas y Faciales,23
Uñas Acrílicas,35
Blanqueo de Dientes,5
Dentistas Generales,69
Dentistas para Niños,6
Ortodoncia,2
Acupuntura,3
Clínicas Médicas,26
Doctores en General,18
Farmacias,2
Fertilidad,3
Gimnasios,7
Hipnoterapia,4
Nutricionistas,34
Otros Servicios de Salud,55
Podiatra,3
Productos Naturales,47
Psicólogo,4
Quiropráctico,2
Sobadores y Masajistas,53
Autos Para Junk,607
Cambio de Aceite,19
Car Wash,26
Grúas de Auto,307
Inspeccion de Smog,19
Legalización de Autos a México,93
Mufflers y Radiadores,94
Otros Servicios Automotrices,75
Pintura y Body Shop,44
Reparación de Autos,470
Reparación de Camiones,6
Servicios del DMV,42
Transmisiones,66
Aire Acondicionado,58
Alfombras y Pisos: Venta e Instalación,102
"Alfombras, Pisos y Cortinas: Limpieza",425
Carpintería y Gabinetes,82
Construcción y Remodelaciones,550
Diseño de Interiores,18
Electricidad,226
Fumigación,392
Garage Doors,32
Herrería,188
Jardinería,58
Limpieza de Albercas,8
Mudanzas,84
Otros Servicios del Hogar,143
Pintura,104
Plomería,942
Reparaciones en General,224
Servicios de Limpieza,118
Techos,56
Ventanas y Puertas,48
Abogado para Inquilinos,9
Abogados de Accidentes,58
Abogados de Casos Civiles,366
Abogados de Casos Criminales,24
Abogados de Casos Familiares,18
Abogados de Inmigración,40
Abogados de Social Security y Disability,3
Adopciones y Familias de Acogida,107
Bancarrota,30
Desalojos,34
Divorcios,17
Fianzas,31
Matrimonios,15
Otros Servicios Legales e Inmigración,15
Paralegales,355
Servicios de Huellas Dactilares,4
Servicios de Inmigración,6
Contabilidad,11
Directorio de Consulados,4
Income Tax,163
Investigadores Privados,11
Notary Public,126
Planificación Financiera,22
Envíos,96
Otros Servicios de Transporte,42
Shuttles y Taxis,77
Troqueros Independientes,19
Centros de reciclaje,5
Cerrajeros,13
Envíos de Dinero,1
Guarderías,44
Lavanderia,3
Letreros e Impresión,158
Misceláneos,54
Otros Servicios Generales,130
Servicios Comunitarios,10
Cementerios,5
Lápidas,3
Lotes de Cementerio,2
Otros Servicios Funerarios,4
Planificación Funeraria,2
Traslados,1
Celulares,790
Computadoras,350
Diseño Web,181
Reparaciones de Teléfono y Computadoras,247
Satélite y Cable,355
Servicio de Internet,61
Sistemas de Seguridad,113
Teléfonos,41
Seguro Dental,1
Seguros de Auto,606
Seguros de Camiones,14
Seguros de Casa,25
Seguros de Motocicleta,12
Seguros de Rentas,2
Seguros de Salud,7
Seguros de Vida,11
Consolidación de Deudas,89
Modificación de Préstamos,73
Préstamos para Autos,426
Préstamos para Casas,126
Préstamos para Educación,1
Préstamos para Negocios,69
Préstamos Personales,547
Refinanciamientos,66
Compra Venta de Negocios,276
Crowdsourcing,3
Inversiones y Socios,72
Maquinaria y Equipos,34
Servicios para Negocios,44
Accesorios para Fiestas,233
Baños Portátiles,231
Bartenders,60
Comida,756
Decoraciones,215
Entretenimiento,284
Florerías,28
Fotos y Video,680
Invitaciones,57
Jumpers,1905
Limosinas,150
Otros Servicios de Fiestas,205
Pastelerías,60
Payasos,686
Peinados y Maquillaje,60
Recuerdos,16
Salones de Fiestas,785
Servicios Religiosos y Capillas,26
Vals y Bailes,57
Vestidos y Tux,21
"Banda, Conjunto y Grupos",2467
DJs,1974
Mariachis y Tríos,696
Otras Músicas para Fiestas,226
Tamborazo y Norteño,1155
Bautizos,1
Bodas,19
Cumpleaños,5
Graduaciones,1
Primera Comunión,2
Quinceañeras,3
Accesorios,126
Artículos Deportivos,42
Boletos para Eventos,3
Carniceria,1
Casas de Empeño,2
Colchones,32
Compro Oro,13
Cosas Gratis o Intercambio,25
Electrodomésticos,408
Fórmula de Bebe,56
Joyas,29
Liquidaciones,122
Mayoreo,4941
Mercancía en venta,441
Muebles de Casa,412
Muebles de Oficina,12
Muebles de Patio,11
Muebles para Niños,61
Panaderia y Pasteles,6
Ropa,3305
Supermercados,3
Tiendas de Descuento,46
Tiendas de Ropa,79
Tiendas de Segunda Mano,12
Tiendas de Zapatos,25
Ventas de Garaje,68
Accesorios para Animales,5
Adopción de Animales,23
Caballos,2
Cuidado de Animales,2
Ganado,1
Gatos,8
Otros Animales,6
Pájaros y otras Aves,25
Peces,4
Perros,219
Tiendas de Animales,2
Accesorios Musicales,11
Acoustic Keyboards,1
Clases de Música,32
DJ Equipment,316
Drums and Percussion,4
Electric Keyboards,4
Guitarras Acústicas,2
Guitarras Eléctricas,7
MIDI Instruments,1
Music Studio Services,9
Musicians Seeking Bands,8
Musicians Wanted,31
P.A.s and Amps,2
Professional Sound and Stage Equipment,5
Wind and Brass,1
Fertilizantes,1
Maquinarias,2
Otros Servicios de Agricultura,3
Tractores - Compra y Venta,1
Eventos Comunitarios,15
Eventos Culturales,1
Eventos de Negocios,13
Eventos Deportivos,5
Eventos Musicales,9
Otros Eventos,6
Agencias de Viajes,80
Cruceros,1
Hoteles y Resorts,4
Las Vegas,2
Ofertas de Vuelos,15
Paquetes Especiales de Viaje,7
Renta de Autos,1
Tours y Destinos,7
Transportes y Excursiones,1
Viajes a México,5
Bares y Clubes,1
Restaurantes,13
Masajes,1187
Solo Para Adultos,590
Hombre Busca Hombre,3
Hombre Busca Mujer,30
Mujer Busca Hombre,1
Consejos Espirituales,35
Acura,109
Acura Dealer,83
Audi,39
Audi Dealer,41
BMW,141
BMW Dealer,240
Buick,15
Buick Dealer,13
Cadillac,63
Cadillac Dealer,80
Chevrolet,607
Chevrolet Dealer,388
Chrysler,153
Chrysler Dealer,112
Dealers de Autos,147
Dodge,283
Dodge Dealer,184
Donaciones de Autos,2
Ford,673
Ford Dealer,332
GMC,125
GMC Dealer,104
Honda,961
Honda Dealer,360
Hyundai,60
Hyundai Dealer,147
Infiniti,83
Infiniti Dealer,127
Isuzu,10
Isuzu Dealer,3
Jaguar,11
Jaguar Dealer,16
Jeep,66
Jeep Dealer,101
Kia,43
Kia Dealer,22
Land Rover,11
Land Rover Dealer,40
Lexus,77
Lexus Dealer,89
Lincoln,26
Lincoln Dealer,23
Mazda,41
Mazda Dealer,35
Mercedes-Benz,108
Mercedes-Benz Dealer,160
Mercury,8
Mercury Dealer,10
Mini,25
Mini Dealer,34
Mitsubishi,54
Mitsubishi Dealer,40
Motorhome - RV's,3
Nissan,581
Nissan Dealer,400
Oldsmobile,5
Oldsmobile Dealer,1
Otros Autos,116
Otros Autos Dealer,120
Plymouth,1
Plymouth Dealer,3
Pontiac,27
Pontiac Dealer,25
Saturn,19
Saturn Dealer,12
Scion,67
Scion Dealer,52
Subaru,2
Subaru Dealer,7
Subastas de Autos,39
Suzuki,8
Suzuki Dealer,7
Toyota,888
Toyota Dealer,394
Volkswagen,130
Volkswagen Dealer,95
Volvo,37
Volvo Dealer,27
Estéreos y Sonido,263
Motores y Transmisiones,93
Otras Partes y Accesorios,130
Partes Exteriores,125
Partes Interiores,47
Rines y Llantas,693
Suspensiones y Frenos,10
Vidrios para Carros,19
BMW,3
Ducati,2
Harley-Davidson,1
Honda,7
Kawasaki,1
Otras Motocicletas,3
Partes y Accesorios,10
Suzuki,11
Yamaha,3
Jetskis,2
"Lanchas, Botes y Partes",5
Actuación y Músicos,28
Asistentes Médicos,21
Barberos y Cosmetólogas,89
Bartenders,20
Bio-Tech y Ciencias,7
Bodegas y Warehouse,196
Busco Empleo,459
Cajeros,40
Carpinteros y Construcción,175
Choferes y Troqueros,350
Computación,12
Costura,151
Cuidado de Niños,187
Diseño Gráfico,17
Electricistas,26
Enfermería,11
Escritores,2
Fábricas,59
Gerentes y Supervisores,59
Guardias,10
Hoteles,26
Independientes,285
Internet,46
Limpieza,255
Marketing y Relaciones Públicas,120
Mecánica de Autos,96
Meseros y Cocineros,275
Oficina,218
Otros empleos,422
Paralegal,5
Plomeros,14
Soldadores,20
Técnicos de Teléfonos,5
Telemercadeo,79
Vendedores,249
Baile,13
Biblia,4
Bienes Raíces,3
Career Colleges,10
Clases de Cocina,8
Clases de Masaje,2
Clases por Internet,9
Community Colleges,5
Computación,26
Cosmetología,19
Escuelas de Tráfico,2
Escuelas Técnicas,10
Fotografía y Video,4
High School GED,1
Income tax,7
Inglés y ESL,23
Manejo,25
Modelaje y Actuación,3
Notary Public,2
Otras Clases y Cursos,81
Truck Driving School,7
Universidades,1
Agentes,113
Casas en Foreclosure,241
Inspectores de Casas,5
Open House,64
Servicios de Termitas,5
Tasadores de Casa,2
Venta de Apartamentos,96
Venta de Casas,543
Venta de Casas Móviles,94
Venta de Terrenos,26
Venta de Town House o Condominios,67
Ventas Comerciales,4
Apartamentos,984
Busco Rentar,220
Casas,468
Casas Móviles,22
Compartir Cuartos,87
Cuartos,693
Edificios,136
Townhouse-Condominos,81
Ecuador,1
El Salvador,5
Europa,1
Guatemala,1
Honduras,1
México,22
Otros Países,1
Cirugía Láser,15
Cirugía Plástica,8
Fotos de Glamour,8
Inyecciones Cosméticas,3
Manicure y Pedicure,10
Maquillaje Permanente,15
Otros Servicios de Belleza,62
Productos de Belleza,71
Productos para Bajar de Peso,49
Renta de Estaciones,17
Salones de Belleza,57
Spas y Faciales,23
Uñas Acrílicas,36
Blanqueo de Dientes,5
Dentistas Generales,69
Dentistas para Niños,6
Ortodoncia,2
Acupuntura,3
Clínicas Médicas,26
Doctores en General,18
Farmacias,2
Fertilidad,3
Gimnasios,7
Hipnoterapia,4
Nutricionistas,34
Otros Servicios de Salud,55
Podiatra,3
Productos Naturales,47
Psicólogo,4
Quiropráctico,2
Sobadores y Masajistas,53
Autos Para Junk,607
Cambio de Aceite,19
Car Wash,26
Grúas de Auto,307
Inspeccion de Smog,19
Legalización de Autos a México,93
Mufflers y Radiadores,94
Otros Servicios Automotrices,75
Pintura y Body Shop,44
Reparación de Autos,470
Reparación de Camiones,6
Servicios del DMV,42
Transmisiones,66
Aire Acondicionado,58
Alfombras y Pisos: Venta e Instalación,102
"Alfombras, Pisos y Cortinas: Limpieza",425
Carpintería y Gabinetes,82
Construcción y Remodelaciones,550
Diseño de Interiores,18
Electricidad,226
Fumigación,392
Garage Doors,32
Herrería,188
Jardinería,58
Limpieza de Albercas,8
Mudanzas,84
Otros Servicios del Hogar,143
Pintura,104
Plomería,942
Reparaciones en General,224
Servicios de Limpieza,118
Techos,56
Ventanas y Puertas,48
Abogado para Inquilinos,9
Abogados de Accidentes,58
Abogados de Casos Civiles,366
Abogados de Casos Criminales,24
Abogados de Casos Familiares,18
Abogados de Inmigración,40
Abogados de Social Security y Disability,3
Adopciones y Familias de Acogida,107
Bancarrota,30
Desalojos,34
Divorcios,17
Fianzas,31
Matrimonios,15
Otros Servicios Legales e Inmigración,15
Paralegales,355
Servicios de Huellas Dactilares,4
Servicios de Inmigración,6
Contabilidad,11
Directorio de Consulados,4
Income Tax,163
Investigadores Privados,11
Notary Public,126
Planificación Financiera,22
Envíos,96
Otros Servicios de Transporte,42
Shuttles y Taxis,77
Troqueros Independientes,19
Centros de reciclaje,5
Cerrajeros,13
Envíos de Dinero,1
Guarderías,44
Lavanderia,3
Letreros e Impresión,158
Misceláneos,54
Otros Servicios Generales,130
Servicios Comunitarios,10
Cementerios,5
Lápidas,3
Lotes de Cementerio,2
Otros Servicios Funerarios,4
Planificación Funeraria,2
Traslados,1
Celulares,790
Computadoras,350
Diseño Web,181
Reparaciones de Teléfono y Computadoras,247
Satélite y Cable,355
Servicio de Internet,61
Sistemas de Seguridad,113
Teléfonos,41
Seguro Dental,1
Seguros de Auto,603
Seguros de Camiones,14
Seguros de Casa,25
Seguros de Motocicleta,12
Seguros de Rentas,2
Seguros de Salud,7
Seguros de Vida,11
Consolidación de Deudas,89
Modificación de Préstamos,73
Préstamos para Autos,426
Préstamos para Casas,126
Préstamos para Educación,1
Préstamos para Negocios,69
Préstamos Personales,547
Refinanciamientos,66
Compra Venta de Negocios,276
Crowdsourcing,3
Inversiones y Socios,72
Maquinaria y Equipos,34
Servicios para Negocios,44
Accesorios para Fiestas,233
Baños Portátiles,231
Bartenders,60
Comida,756
Decoraciones,215
Entretenimiento,284
Florerías,28
Fotos y Video,680
Invitaciones,57
Jumpers,1905
Limosinas,150
Otros Servicios de Fiestas,205
Pastelerías,60
Payasos,684
Peinados y Maquillaje,60
Recuerdos,16
Salones de Fiestas,785
Servicios Religiosos y Capillas,26
Vals y Bailes,57
Vestidos y Tux,21
"Banda, Conjunto y Grupos",2467
DJs,1975
Mariachis y Tríos,696
Otras Músicas para Fiestas,226
Tamborazo y Norteño,1155
Bautizos,1
Bodas,19
Cumpleaños,5
Graduaciones,1
Primera Comunión,2
Quinceañeras,3
Accesorios,126
Artículos Deportivos,42
Boletos para Eventos,3
Carniceria,1
Casas de Empeño,2
Colchones,32
Compro Oro,13
Cosas Gratis o Intercambio,25
Electrodomésticos,408
Fórmula de Bebe,56
Joyas,29
Liquidaciones,122
Mayoreo,4941
Mercancía en venta,441
Muebles de Casa,412
Muebles de Oficina,12
Muebles de Patio,11
Muebles para Niños,61
Panaderia y Pasteles,6
Ropa,3305
Supermercados,3
Tiendas de Descuento,46
Tiendas de Ropa,79
Tiendas de Segunda Mano,12
Tiendas de Zapatos,25
Ventas de Garaje,68
Accesorios para Animales,5
Adopción de Animales,23
Caballos,2
Cuidado de Animales,2
Ganado,1
Gatos,8
Otros Animales,6
Pájaros y otras Aves,25
Peces,4
Perros,219
Tiendas de Animales,2
Accesorios Musicales,11
Acoustic Keyboards,1
Clases de Música,32
DJ Equipment,316
Drums and Percussion,4
Electric Keyboards,4
Guitarras Acústicas,2
Guitarras Eléctricas,7
MIDI Instruments,1
Music Studio Services,9
Musicians Seeking Bands,8
Musicians Wanted,31
P.A.s and Amps,2
Professional Sound and Stage Equipment,5
Wind and Brass,1
Fertilizantes,1
Maquinarias,2
Otros Servicios de Agricultura,3
Tractores - Compra y Venta,1
Eventos Comunitarios,15
Eventos Culturales,1
Eventos de Negocios,13
Eventos Deportivos,5
Eventos Musicales,9
Otros Eventos,6
Agencias de Viajes,81
Cruceros,1
Hoteles y Resorts,5
Las Vegas,2
Ofertas de Vuelos,15
Paquetes Especiales de Viaje,7
Renta de Autos,1
Tours y Destinos,7
Transportes y Excursiones,2
Viajes a México,5
Bares y Clubes,1
Restaurantes,13
Masajes,1189
Solo Para Adultos,591
Hombre Busca Hombre,3
Hombre Busca Mujer,30
Mujer Busca Hombre,1
Consejos Espirituales,35
